enrollment_id,student_id,course_id,enrollment_date,grade
1,1,6,2026-01-02,
2,1,1,2025-09-04,
3,1,4,2025-09-02,
4,1,5,2025-08-25,
5,2,2,2022-09-20,C
6,2,15,2024-05-10,C
7,2,13,2023-05-14,A
8,2,3,2024-01-11,B
9,3,1,2025-04-12,D
10,3,2,2024-04-14,
11,3,3,2024-12-20,
12,3,12,2023-12-22,B
13,3,6,2023-08-27,B
14,4,3,2025-08-30,C
15,4,15,2026-01-04,
16,4,14,2025-12-24,B
17,4,2,2025-12-27,B
18,5,2,2023-12-28,
19,5,11,2024-04-23,C
20,5,9,2025-04-17,B
21,5,3,2023-09-05,
22,5,4,2025-04-14,D
23,6,6,2026-01-12,D
24,6,9,2025-09-24,A
25,6,12,2025-09-20,C
26,6,11,2026-01-16,
27,6,10,2025-09-17,
28,7,7,2025-09-14,B
29,7,10,2025-09-13,
30,7,6,2026-01-18,
31,7,13,2026-01-08,A
32,7,5,2025-09-19,A
33,7,3,2026-01-08,D
34,8,2,2025-04-17,F
35,8,6,2025-08-23,
36,8,12,2025-04-23,B
37,8,1,2024-08-25,A
38,9,14,2024-01-17,A
39,9,1,2025-05-11,B
40,9,5,2023-09-24,A
41,9,9,2025-01-05,C
42,10,15,2022-08-28,C
43,10,8,2022-12-17,D
44,10,2,2023-04-20,A
45,10,14,2022-12-24,B
46,10,5,2024-04-10,A
47,11,11,2025-09-09,
48,11,9,2026-01-06,
49,11,3,2025-09-06,B
50,11,8,2025-09-11,A
51,12,6,2025-05-15,C
52,12,5,2025-05-16,B
53,12,13,2025-09-13,
54,12,8,2025-05-15,D
55,12,11,2025-05-07,F
56,12,3,2025-01-14,
57,13,4,2026-01-06,
58,13,10,2025-09-06,
59,13,5,2025-09-10,F
60,13,2,2025-09-10,A
61,13,3,2026-01-08,C
62,13,15,2025-09-16,
63,14,2,2024-05-14,B
64,14,13,2025-04-30,C
65,14,3,2025-01-08,
66,14,9,2023-09-16,B
67,15,2,2025-01-13,C
68,15,14,2025-05-15,F
69,15,1,2024-09-16,C
70,15,11,2025-09-10,
71,15,13,2025-01-07,F
72,16,10,2023-08-25,A
73,16,6,2024-04-23,
74,16,4,2023-08-21,
75,16,12,2025-04-22,B
76,16,5,2024-12-18,B
77,16,1,2023-12-21,
78,17,15,2025-04-15,
79,17,6,2025-08-15,
80,17,3,2025-08-21,C
81,17,4,2025-08-26,
82,18,8,2023-12-20,A
83,18,4,2023-12-21,C
84,18,12,2024-12-10,A
85,18,11,2023-08-11,C
86,19,12,2025-01-11,C
87,19,7,2025-08-29,D
88,19,2,2025-01-05,D
89,19,8,2025-05-13,B
90,19,13,2025-09-09,B
91,19,11,2025-05-07,C
92,20,8,2025-09-07,
93,20,2,2026-01-06,
94,20,15,2025-09-01,
95,20,6,2025-08-31,A
96,21,2,2024-12-21,C
97,21,9,2022-09-14,C
98,21,7,2023-05-06,B
99,21,13,2024-01-07,B
100,21,14,2024-05-05,B
101,22,7,2025-09-05,C
102,22,12,2025-12-25,
103,22,3,2025-08-23,C
104,22,11,2025-08-25,
105,23,15,2023-04-22,D
106,23,11,2024-12-11,C
107,23,8,2022-12-16,D
108,23,9,2023-04-21,F
109,23,5,2024-12-14,B
110,23,12,2023-04-25,F
111,24,8,2023-08-25,B
112,24,2,2024-04-29,C
113,24,3,2023-01-04,D
114,24,9,2024-04-25,C
115,25,7,2024-01-02,C
116,25,5,2023-12-22,B
117,25,12,2022-12-28,A
118,25,4,2023-05-01,C
119,26,12,2022-12-24,C
120,26,2,2022-12-24,B
121,26,8,2023-12-18,D
122,26,15,2023-08-21,F
123,26,3,2024-12-11,C
124,26,6,2023-12-12,B
125,27,11,2023-12-25,
126,27,1,2024-12-16,A
127,27,6,2023-12-30,
128,27,2,2023-09-01,C
129,27,14,2024-01-03,B
130,28,15,2025-04-29,B
131,28,14,2025-04-24,D
132,28,8,2025-05-06,
133,28,3,2024-05-01,B
134,28,5,2025-05-06,F
135,28,11,2024-05-09,C
136,29,13,2023-09-05,A
137,29,6,2024-08-22,C
138,29,5,2024-09-04,D
139,29,14,2024-04-28,B
140,29,10,2025-05-01,B
141,30,7,2025-08-26,
142,30,2,2025-01-04,B
143,30,12,2025-04-29,C
144,30,14,2024-09-09,B
145,31,2,2025-08-20,
146,31,13,2025-12-15,
147,31,9,2025-08-22,A
148,31,1,2025-12-22,C
149,31,5,2025-12-25,
150,31,10,2025-12-14,A
151,32,12,2024-09-05,
152,32,2,2024-08-30,
153,32,8,2025-04-22,B
154,32,10,2025-08-24,D
155,33,10,2023-08-18,C
156,33,3,2022-08-30,A
157,33,6,2024-08-16,B
158,33,14,2023-08-20,C
159,34,11,2024-09-22,B
160,34,2,2024-09-25,
161,34,3,2025-01-11,
162,34,15,2024-09-17,
163,34,5,2024-09-13,A
164,35,13,2023-09-11,B
165,35,2,2024-05-08,
166,35,12,2025-04-30,F
167,35,3,2024-05-16,B
168,36,15,2025-05-11,
169,36,7,2025-05-12,
170,36,12,2025-01-09,D
171,36,2,2025-09-08,B
172,37,9,2024-05-17,B
173,37,11,2024-05-08,B
174,37,15,2023-09-13,B
175,37,12,2025-01-05,B
176,37,5,2022-09-18,B
177,37,6,2025-01-12,C
178,38,11,2026-01-01,
179,38,3,2025-12-28,
180,38,7,2025-09-06,C
181,38,6,2026-01-05,A
182,39,14,2024-01-10,
183,39,13,2025-01-10,B
184,39,11,2025-01-07,
185,39,5,2023-09-20,C
186,40,12,2024-01-08,B
187,40,13,2024-01-11,C
188,40,8,2023-09-01,B
189,40,1,2024-01-05,C
190,40,4,2024-12-26,D
191,41,12,2025-05-03,C
192,41,14,2025-04-21,C
193,41,1,2025-04-29,B
194,41,3,2024-08-31,B
195,42,3,2024-04-17,B
196,42,7,2024-04-17,
197,42,1,2023-12-26,D
198,42,13,2023-12-20,C
199,42,8,2025-04-14,
200,43,13,2024-12-26,B
201,43,15,2024-05-04,A
202,43,7,2024-12-30,A
203,43,11,2024-12-26,B
204,43,8,2024-04-28,B
205,43,5,2024-12-26,A
206,44,3,2024-08-20,A
207,44,14,2022-12-28,B
208,44,15,2022-08-28,C
209,44,2,2023-12-23,B
210,44,11,2023-04-20,C
211,44,13,2024-04-26,A
212,45,12,2023-05-09,C
213,45,6,2024-05-14,A
214,45,5,2022-09-19,B
215,45,8,2023-09-15,A
216,46,6,2023-05-13,B
217,46,8,2023-12-27,C
218,46,12,2024-12-26,C
219,46,14,2024-04-30,C
220,47,1,2023-12-21,D
221,47,8,2023-05-01,B
222,47,11,2022-12-28,A
223,47,5,2024-12-13,C
224,47,9,2024-04-23,B
225,47,15,2024-04-23,D
226,48,10,2025-09-20,C
227,48,6,2025-09-24,B
228,48,9,2025-09-21,
229,48,3,2026-01-10,
230,49,6,2025-08-20,A
231,49,3,2025-12-20,B
232,49,11,2025-12-22,C
233,49,14,2025-12-17,
234,49,13,2025-12-21,B
235,49,7,2025-08-21,
236,50,9,2024-08-23,B
237,50,14,2024-05-06,C
238,50,10,2024-04-30,D
239,50,4,2024-05-01,B
240,50,13,2025-04-29,A
241,50,12,2025-04-19,D
242,51,11,2024-05-13,D
243,51,5,2024-01-14,B
244,51,4,2023-09-13,A
245,51,1,2024-01-07,C
246,51,6,2023-09-03,C
247,51,12,2025-04-29,D
248,52,12,2025-09-24,B
249,52,2,2025-09-13,
250,52,1,2025-09-24,
251,52,14,2025-09-17,C
252,53,2,2024-05-16,C
253,53,8,2024-09-13,A
254,53,7,2024-09-07,B
255,53,14,2024-01-12,C
256,53,10,2023-09-26,B
257,54,1,2024-12-14,F
258,54,7,2024-12-26,C
259,54,15,2025-04-23,C
260,54,3,2023-12-22,B
261,54,9,2024-12-23,A
262,55,15,2025-09-14,
263,55,12,2026-01-13,D
264,55,7,2025-09-15,C
265,55,3,2025-09-12,
266,55,5,2026-01-07,C
267,55,13,2025-09-13,
268,56,10,2025-08-23,C
269,56,9,2025-08-22,C
270,56,6,2024-08-23,C
271,56,8,2025-04-23,B
272,56,5,2024-12-30,C
273,56,12,2025-08-27,
274,57,10,2025-04-10,B
275,57,8,2023-08-31,A
276,57,14,2023-08-28,
277,57,11,2023-12-19,
278,58,10,2024-09-16,B
279,58,6,2025-01-16,D
280,58,2,2025-01-09,C
281,58,8,2025-09-07,D
282,59,9,2025-05-04,B
283,59,12,2025-01-11,A
284,59,5,2023-09-17,A
285,59,15,2024-01-09,
286,59,4,2024-05-17,C
287,59,7,2024-09-14,C
288,60,4,2026-01-25,B
289,60,6,2026-01-23,B
290,60,7,2025-09-19,
291,60,5,2025-09-14,
292,60,13,2025-09-20,
293,60,15,2026-01-22,F
294,61,13,2025-09-01,C
295,61,6,2024-08-25,D
296,61,9,2024-08-31,C
297,61,15,2025-05-04,
298,61,11,2025-08-22,
299,61,14,2024-12-23,
300,62,2,2024-01-08,C
301,62,1,2024-01-18,C
302,62,3,2024-09-15,D
303,62,15,2023-09-11,A
304,62,5,2023-05-12,A
305,62,13,2023-01-15,C
306,63,9,2025-12-28,C
307,63,14,2025-09-07,
308,63,13,2026-01-05,
309,63,12,2026-01-06,B
310,63,3,2025-08-30,C
311,63,10,2025-12-27,D
312,64,2,2025-12-28,C
313,64,10,2025-12-28,B
314,64,11,2025-12-21,A
315,64,13,2025-08-28,
316,65,9,2024-05-14,A
317,65,13,2023-09-07,B
318,65,2,2025-05-01,
319,65,11,2024-01-06,
320,65,7,2024-01-13,B
321,65,1,2025-01-09,B
322,66,11,2026-01-03,B
323,66,2,2026-01-07,
324,66,15,2026-01-11,
325,66,10,2026-01-04,D
326,66,13,2025-09-07,D
327,67,13,2025-09-18,B
328,67,2,2025-09-10,
329,67,9,2025-09-17,B
330,67,14,2025-09-22,D
331,67,6,2026-01-09,
332,68,6,2025-09-19,C
333,68,12,2025-05-16,B
334,68,3,2024-09-14,B
335,68,11,2024-09-20,
336,68,5,2025-01-13,
337,68,7,2025-09-16,D
338,69,1,2025-09-15,C
339,69,6,2026-01-11,
340,69,2,2026-01-01,A
341,69,14,2026-01-01,A
342,70,8,2025-01-01,B
343,70,15,2025-04-29,B
344,70,2,2025-04-26,
345,70,1,2025-04-27,B
346,70,14,2024-08-23,B
347,71,7,2025-09-12,
348,71,11,2025-05-18,B
349,71,5,2025-05-05,D
350,71,15,2024-09-17,C
351,71,13,2025-09-07,
352,71,4,2025-05-14,B
353,72,1,2025-05-21,
354,72,3,2025-05-16,A
355,72,2,2024-09-19,
356,72,13,2025-09-22,B
357,72,15,2025-05-16,
358,72,14,2024-09-14,C
359,73,1,2022-08-29,C
360,73,2,2023-12-21,A
361,73,15,2024-12-19,D
362,73,3,2024-12-13,C
363,74,13,2023-09-12,A
364,74,11,2024-01-05,C
365,74,2,2024-12-23,B
366,74,14,2024-08-26,B
367,74,7,2023-05-13,B
368,74,10,2022-09-08,A
369,75,7,2025-09-18,
370,75,4,2025-09-16,
371,75,13,2025-09-16,D
372,75,12,2026-01-11,
373,76,3,2024-08-20,C
374,76,9,2024-04-23,
375,76,10,2023-08-26,C
376,76,5,2023-12-21,B
377,76,12,2023-09-01,B
378,76,13,2025-04-25,B
379,77,9,2024-04-21,B
380,77,14,2024-04-19,A
381,77,6,2023-04-29,C
382,77,2,2022-12-25,C
383,77,3,2024-05-01,C
384,77,13,2022-08-28,B
385,78,8,2024-04-12,A
386,78,2,2023-12-18,A
387,78,14,2022-12-19,B
388,78,10,2023-04-14,A
389,79,14,2024-12-28,
390,79,8,2025-04-14,C
391,79,4,2025-04-26,B
392,79,10,2023-08-23,B
393,80,11,2025-01-03,B
394,80,15,2025-01-03,F
395,80,7,2025-08-28,
396,80,3,2025-08-31,D
397,81,14,2026-01-06,C
398,81,12,2026-01-08,
399,81,4,2025-12-30,D
400,81,3,2026-01-09,B
401,81,1,2026-01-03,
402,82,11,2024-12-15,B
403,82,2,2024-12-11,F
404,82,3,2024-08-15,F
405,82,4,2024-08-20,D
406,82,9,2023-12-28,C
407,82,14,2022-12-20,C
408,83,2,2023-12-12,A
409,83,13,2022-12-19,B
410,83,4,2024-04-15,A
411,83,15,2024-08-12,B
412,83,5,2024-04-09,B
413,84,12,2024-09-05,C
414,84,10,2024-09-09,F
415,84,6,2024-05-15,B
416,84,13,2023-01-20,D
417,84,9,2023-09-10,D
418,85,8,2025-08-30,
419,85,3,2025-12-26,C
420,85,11,2025-09-02,
421,85,14,2026-01-04,
422,85,7,2025-09-02,C
423,85,13,2025-12-25,D
424,86,8,2026-01-06,
425,86,15,2026-01-03,C
426,86,12,2025-09-01,C
427,86,14,2025-09-05,B
428,87,14,2025-09-12,A
429,87,12,2026-01-12,D
430,87,5,2025-09-15,
431,87,3,2026-01-03,A
432,88,9,2025-01-01,A
433,88,1,2023-01-04,B
434,88,2,2022-09-06,C
435,88,11,2023-05-09,A
436,88,6,2023-08-29,B
437,88,12,2024-08-27,C
438,89,15,2025-09-05,B
439,89,6,2024-09-09,A
440,89,4,2025-09-11,
441,89,12,2025-05-16,A
442,89,11,2024-09-12,D
443,89,7,2025-09-07,C
444,90,10,2025-04-27,
445,90,3,2025-08-18,
446,90,14,2025-04-29,
447,90,8,2025-04-28,
448,90,5,2025-04-21,
449,90,4,2024-12-24,C
450,91,13,2025-09-07,F
451,91,15,2026-01-15,
452,91,8,2026-01-17,
453,91,14,2025-09-19,
454,91,9,2026-01-13,B
455,92,3,2025-01-03,C
456,92,6,2024-08-29,
457,92,15,2025-08-31,B
458,92,1,2025-09-03,
459,92,2,2024-09-04,C
460,93,5,2023-05-02,B
461,93,9,2023-05-05,D
462,93,12,2023-01-10,B
463,93,8,2024-08-22,B
464,93,2,2024-01-01,C
465,93,1,2023-05-06,D
466,94,6,2025-04-18,C
467,94,11,2023-08-26,D
468,94,13,2023-12-13,B
469,94,9,2025-04-12,C
470,95,9,2024-12-20,
471,95,12,2025-04-17,D
472,95,6,2024-08-27,B
473,95,8,2024-08-20,A
474,96,8,2024-09-02,B
475,96,3,2022-09-19,B
476,96,12,2023-05-21,B
477,96,13,2024-05-05,B
478,96,2,2023-09-09,C
479,97,15,2024-04-30,B
480,97,1,2023-09-14,C
481,97,8,2024-05-05,C
482,97,4,2024-01-06,A
483,97,10,2024-01-08,C
484,97,7,2024-01-05,F
485,98,10,2025-09-08,
486,98,14,2026-01-05,B
487,98,7,2026-01-09,B
488,98,12,2025-09-05,B
489,99,3,2022-09-12,C
490,99,10,2025-01-06,A
491,99,13,2022-09-14,B
492,99,5,2024-01-18,A
493,99,12,2024-01-09,C
494,99,4,2023-01-14,A
495,100,14,2023-12-21,C
496,100,12,2024-08-10,B
497,100,9,2024-08-15,B
498,100,13,2024-04-11,A
499,100,15,2024-12-11,A
500,100,5,2022-08-19,C
501,101,14,2023-01-12,F
502,101,10,2022-09-21,B
503,101,1,2024-09-07,D
504,101,3,2024-05-14,A
505,101,12,2024-09-12,C
506,101,6,2022-09-23,D
507,102,1,2025-05-05,D
508,102,5,2025-05-08,A
509,102,2,2025-01-08,A
510,102,3,2024-09-14,B
511,103,11,2022-08-28,C
512,103,3,2023-08-14,C
513,103,9,2022-08-19,D
514,103,6,2023-04-26,A
515,103,15,2023-08-18,D
516,103,10,2023-04-20,C
517,104,2,2025-12-30,
518,104,8,2025-12-31,
519,104,9,2025-09-13,B
520,104,14,2026-01-03,B
521,104,5,2026-01-02,
522,104,15,2025-09-07,
523,105,12,2023-08-10,B
524,105,11,2023-08-13,C
525,105,15,2023-08-18,A
526,105,14,2023-08-23,C
527,105,6,2024-12-04,A
528,106,6,2025-04-18,A
529,106,1,2024-08-21,C
530,106,9,2025-04-08,A
531,106,14,2025-04-14,D
532,106,3,2024-04-24,A
533,107,11,2024-12-18,B
534,107,12,2024-04-14,C
535,107,6,2024-12-12,C
536,107,4,2024-08-15,B
537,108,9,2025-08-27,C
538,108,12,2024-08-28,
539,108,1,2024-12-29,B
540,108,4,2024-08-26,C
541,108,5,2025-04-23,F
542,109,1,2024-08-24,D
543,109,12,2024-08-29,B
544,109,9,2025-08-22,B
545,109,10,2024-12-23,
546,109,8,2025-08-25,D
547,109,6,2024-08-28,C
548,110,9,2024-04-18,F
549,110,3,2024-04-12,C
550,110,13,2023-08-19,C
551,110,15,2024-12-09,B
552,110,11,2024-12-09,B
553,110,5,2023-08-18,D
554,111,11,2025-01-14,
555,111,15,2025-05-12,C
556,111,3,2024-09-13,B
557,111,8,2025-01-20,
558,111,6,2025-05-12,
559,111,13,2025-05-14,B
560,112,9,2025-12-28,C
561,112,2,2025-09-08,
562,112,7,2025-09-10,
563,112,11,2025-09-10,
564,112,15,2025-12-28,B
565,113,1,2026-01-17,B
566,113,14,2026-01-13,B
567,113,9,2025-09-13,F
568,113,12,2025-09-10,B
569,114,11,2026-01-03,
570,114,7,2025-08-31,C
571,114,9,2025-12-27,B
572,114,1,2025-12-28,B
573,114,5,2026-01-06,A
574,115,2,2024-12-29,C
575,115,5,2025-08-26,A
576,115,10,2024-08-22,C
577,115,4,2024-08-28,B
578,115,14,2025-04-16,C
579,116,6,2023-12-26,A
580,116,8,2023-05-09,B
581,116,7,2023-09-03,B
582,116,4,2023-01-07,C
583,116,15,2025-01-02,A
584,117,14,2024-12-16,A
585,117,2,2025-04-18,
586,117,13,2023-08-26,B
587,117,6,2024-08-10,
588,118,11,2024-05-17,B
589,118,7,2024-09-08,B
590,118,14,2025-01-04,B
591,118,8,2024-09-13,B
592,118,5,2023-01-24,A
593,118,6,2023-09-11,D
594,119,10,2024-04-26,A
595,119,14,2025-04-17,C
596,119,13,2024-12-18,B
597,119,7,2024-12-22,A
598,119,11,2023-08-21,F
599,119,15,2023-12-28,C
600,120,8,2022-09-14,B
601,120,14,2023-05-08,F
602,120,1,2024-01-05,B
603,120,10,2025-01-09,B
604,121,2,2025-05-04,
605,121,15,2025-01-06,A
606,121,1,2025-09-09,D
607,121,13,2024-09-09,C
608,121,3,2025-05-07,D
609,122,14,2024-08-25,A
610,122,9,2024-01-07,B
611,122,13,2024-08-24,C
612,122,3,2024-12-31,B
613,122,5,2025-04-25,
614,123,5,2023-09-17,F
615,123,2,2025-04-27,C
616,123,14,2024-05-07,C
617,123,3,2024-08-29,A
618,123,6,2025-01-02,B
619,123,15,2025-04-29,C
620,124,15,2025-09-15,A
621,124,4,2026-01-08,B
622,124,5,2025-09-13,B
623,124,11,2025-09-02,
624,124,14,2025-09-12,
625,125,13,2026-01-11,
626,125,2,2026-01-10,
627,125,1,2025-09-09,C
628,125,5,2026-01-04,
629,125,6,2025-09-09,A
630,126,12,2022-08-30,C
631,126,8,2022-08-29,C
632,126,2,2024-12-08,B
633,126,3,2024-12-09,B
634,126,13,2022-12-29,B
635,126,6,2022-12-31,F
636,127,15,2026-01-06,
637,127,8,2026-01-12,
638,127,3,2025-09-15,B
639,127,12,2025-09-06,
640,128,8,2025-01-07,B
641,128,12,2024-09-13,D
642,128,15,2025-09-04,
643,128,14,2024-09-12,A
644,128,5,2025-09-11,D
645,129,4,2025-09-05,A
646,129,14,2025-08-26,
647,129,8,2026-01-05,D
648,129,13,2025-08-27,
649,129,12,2025-12-26,B
650,130,13,2022-12-28,B
651,130,2,2023-12-25,B
652,130,14,2024-04-12,C
653,130,15,2022-12-23,A
654,131,13,2024-04-28,B
655,131,8,2024-04-22,D
656,131,15,2024-12-23,B
657,131,10,2024-04-24,B
658,131,9,2023-12-20,F
659,132,8,2024-05-04,D
660,132,6,2023-12-29,C
661,132,3,2024-09-01,A
662,132,15,2024-05-08,A
663,133,2,2025-09-01,
664,133,13,2025-08-23,F
665,133,10,2025-12-23,D
666,133,3,2025-08-26,
667,133,14,2025-09-01,B
668,134,1,2025-01-01,C
669,134,6,2024-01-07,B
670,134,9,2024-01-04,A
671,134,5,2024-09-07,A
672,134,12,2025-05-09,A
673,134,10,2024-05-06,C
674,135,10,2025-01-09,B
675,135,9,2024-08-29,
676,135,2,2025-05-02,B
677,135,14,2024-09-07,
678,136,5,2023-08-23,B
679,136,2,2024-12-19,D
680,136,6,2023-08-26,
681,136,14,2025-04-15,C
682,137,15,2025-08-25,B
683,137,1,2025-01-07,D
684,137,6,2025-05-09,B
685,137,12,2025-08-28,B
686,138,7,2024-09-09,B
687,138,3,2025-01-13,B
688,138,1,2025-09-13,B
689,138,2,2024-09-14,
690,139,3,2023-12-20,B
691,139,2,2022-12-24,B
692,139,15,2022-12-26,B
693,139,5,2023-04-18,B
694,139,1,2022-12-23,F
695,139,8,2023-04-27,B
696,140,9,2026-01-07,C
697,140,11,2026-01-16,
698,140,15,2025-09-11,
699,140,10,2025-09-13,C
700,140,2,2026-01-04,
701,141,2,2024-08-15,B
702,141,3,2024-08-22,C
703,141,1,2023-12-23,D
704,141,4,2024-12-11,D
705,141,6,2024-08-18,A
706,142,1,2024-09-13,B
707,142,3,2024-09-17,D
708,142,9,2024-09-11,C
709,142,2,2025-05-19,B
710,142,13,2025-05-21,C
711,143,8,2024-12-26,D
712,143,9,2025-01-05,B
713,143,3,2024-01-12,A
714,143,4,2025-04-24,C
715,143,5,2024-04-29,B
716,143,15,2025-04-30,C
717,144,13,2025-04-24,
718,144,2,2025-08-27,C
719,144,1,2024-12-26,
720,144,15,2024-08-23,
721,144,14,2025-08-20,D
722,144,6,2024-12-22,C
723,145,5,2025-09-02,C
724,145,8,2025-12-22,
725,145,10,2025-12-25,
726,145,12,2025-09-01,
727,145,15,2025-12-24,D
728,146,15,2025-08-24,C
729,146,13,2025-08-21,C
730,146,7,2025-08-30,
731,146,6,2025-08-21,A
732,146,14,2025-08-23,A
733,147,3,2024-09-03,A
734,147,10,2025-01-12,C
735,147,6,2025-01-11,
736,147,4,2024-05-08,B
737,147,15,2024-01-17,A
738,148,13,2025-09-12,D
739,148,9,2025-09-16,B
740,148,11,2025-09-13,D
741,148,3,2025-09-15,
742,149,10,2024-09-13,B
743,149,8,2025-01-09,A
744,149,9,2024-01-09,C
745,149,3,2024-01-16,A
746,149,14,2024-09-06,C
747,150,2,2026-01-16,
748,150,12,2026-01-14,C
749,150,7,2025-09-10,
750,150,10,2026-01-17,B
751,150,5,2026-01-08,C
752,150,4,2026-01-18,
753,151,7,2025-08-27,B
754,151,15,2025-12-13,A
755,151,12,2025-08-19,
756,151,11,2025-12-25,C
757,152,2,2025-08-21,
758,152,3,2024-12-15,A
759,152,1,2025-04-13,B
760,152,7,2024-12-17,
761,153,13,2025-05-15,B
762,153,1,2024-05-14,B
763,153,4,2023-09-20,
764,153,8,2023-09-19,
765,153,12,2024-01-21,F
766,154,15,2024-05-12,B
767,154,6,2024-09-13,F
768,154,5,2024-05-13,A
769,154,11,2024-09-09,B
770,154,12,2024-05-11,A
771,154,10,2024-05-18,B
772,155,1,2024-08-26,
773,155,14,2024-08-28,
774,155,8,2024-12-21,B
775,155,15,2025-08-18,
776,156,12,2024-08-21,C
777,156,4,2024-12-25,A
778,156,13,2024-08-28,
779,156,15,2024-12-22,C
780,156,7,2025-08-27,
781,156,1,2024-12-30,
782,157,6,2025-01-06,
783,157,14,2025-09-05,B
784,157,8,2025-05-13,D
785,157,4,2025-05-08,C
786,157,5,2025-08-28,A
787,157,7,2025-05-04,B
788,158,4,2025-09-07,
789,158,9,2025-08-30,
790,158,3,2025-01-10,B
791,158,1,2025-01-03,A
792,159,10,2026-01-02,C
793,159,5,2025-09-02,
794,159,8,2025-09-04,C
795,159,9,2025-09-02,
796,160,15,2024-09-06,C
797,160,5,2023-09-17,B
798,160,8,2024-05-01,C
799,160,12,2024-01-15,
800,160,14,2024-09-03,B
801,160,10,2024-05-03,B
802,161,4,2024-09-06,B
803,161,3,2024-09-07,A
804,161,2,2025-05-05,A
805,161,15,2024-09-08,B
806,161,8,2025-01-08,A
807,161,13,2024-01-08,B
808,162,1,2025-05-10,C
809,162,15,2025-04-30,
810,162,8,2025-08-26,C
811,162,11,2025-08-29,
812,162,4,2025-01-06,B
813,163,12,2025-01-11,B
814,163,2,2024-12-29,B
815,163,9,2025-09-02,
816,163,3,2025-08-26,C
817,163,13,2024-09-02,B
818,164,8,2025-04-27,B
819,164,13,2024-12-21,A
820,164,12,2023-08-25,B
821,164,6,2024-01-03,D
822,165,13,2025-04-30,C
823,165,2,2024-08-29,B
824,165,7,2025-04-27,
825,165,1,2024-12-23,
826,166,14,2025-01-01,B
827,166,6,2025-05-04,C
828,166,1,2024-12-30,D
829,166,5,2023-09-16,C
830,166,3,2024-05-09,A
831,166,12,2025-04-29,
832,167,2,2024-08-29,A
833,167,3,2025-04-20,C
834,167,8,2025-04-21,C
835,167,5,2025-08-26,
836,167,13,2025-08-15,A
837,168,13,2022-08-26,D
838,168,10,2024-04-22,B
839,168,3,2023-04-17,D
840,168,15,2024-04-12,B
841,168,5,2023-08-26,D
842,168,8,2023-04-15,A
843,169,15,2023-01-19,C
844,169,13,2024-05-08,C
845,169,12,2023-05-15,C
846,169,7,2024-09-07,C
847,170,5,2025-01-09,
848,170,4,2024-12-28,D
849,170,1,2024-09-07,C
850,170,6,2024-09-09,F
851,171,13,2024-09-14,D
852,171,2,2025-05-07,C
853,171,8,2023-09-25,D
854,171,3,2025-05-12,B
855,171,12,2024-01-16,B
856,171,10,2024-09-15,
857,172,14,2024-12-27,B
858,172,3,2023-05-11,D
859,172,6,2024-08-22,B
860,172,11,2023-12-30,B
861,173,6,2024-05-17,A
862,173,15,2025-01-10,C
863,173,8,2024-05-19,D
864,173,4,2022-09-22,B
865,173,12,2025-01-09,B
866,173,5,2025-01-03,B
867,174,15,2023-08-27,C
868,174,1,2024-08-21,B
869,174,9,2022-12-22,D
870,174,2,2024-08-26,B
871,175,6,2026-01-20,D
872,175,4,2025-09-20,
873,175,10,2026-01-19,D
874,175,15,2025-09-22,D
875,176,11,2024-09-07,B
876,176,6,2024-01-24,B
877,176,8,2024-09-14,D
878,176,12,2024-05-15,C
879,176,10,2024-01-12,B
880,176,5,2025-01-09,B
881,177,14,2022-08-22,B
882,177,13,2022-08-29,B
883,177,2,2023-04-27,C
884,177,10,2022-12-23,B
885,178,5,2024-09-13,A
886,178,10,2025-01-10,
887,178,3,2024-09-08,D
888,178,1,2025-04-30,A
889,178,9,2025-05-05,
890,179,1,2024-09-05,A
891,179,7,2025-01-03,A
892,179,8,2025-01-03,D
893,179,12,2025-05-04,
894,180,11,2024-05-10,B
895,180,5,2024-01-09,B
896,180,13,2024-09-12,
897,180,1,2025-05-12,C
898,180,6,2024-09-12,F
899,181,1,2025-04-18,
900,181,4,2025-04-26,
901,181,5,2023-08-30,C
902,181,3,2023-12-30,D
903,181,14,2024-05-05,D
904,181,8,2024-08-31,B
905,182,15,2024-04-30,F
906,182,2,2023-01-02,D
907,182,3,2023-09-06,B
908,182,6,2024-04-28,A
909,182,4,2022-09-05,B
910,182,9,2022-09-05,C
911,183,4,2025-09-18,A
912,183,3,2025-09-17,
913,183,8,2026-01-13,
914,183,2,2026-01-11,B
915,183,6,2026-01-16,B
916,184,8,2025-09-17,C
917,184,10,2026-01-07,
918,184,3,2026-01-15,B
919,184,14,2025-09-11,
920,184,6,2025-09-08,B
921,185,15,2025-01-14,C
922,185,6,2025-09-11,
923,185,9,2024-09-17,
924,185,12,2025-01-14,
925,186,6,2023-09-10,B
926,186,13,2024-09-02,
927,186,3,2023-09-10,D
928,186,4,2024-12-30,C
929,186,5,2025-05-10,B
930,186,12,2025-01-05,C
931,187,8,2026-01-07,B
932,187,15,2025-09-12,A
933,187,11,2025-12-31,B
934,187,13,2025-09-10,B
935,188,13,2024-05-13,A
936,188,14,2025-01-18,B
937,188,1,2025-05-10,B
938,188,12,2024-01-16,
939,188,10,2024-05-22,B
940,188,11,2023-09-22,B
941,189,6,2025-09-02,
942,189,1,2025-05-02,C
943,189,13,2025-04-28,C
944,189,12,2025-05-04,C
945,190,2,2025-12-31,
946,190,7,2026-01-02,B
947,190,14,2025-08-30,C
948,190,5,2025-08-30,
949,191,4,2025-04-29,C
950,191,11,2025-04-29,B
951,191,3,2023-09-09,C
952,191,8,2024-05-08,C
953,191,9,2025-05-02,D
954,192,2,2025-05-08,
955,192,9,2025-05-11,
956,192,1,2025-05-11,
957,192,5,2025-04-29,F
958,192,15,2025-09-02,B
959,192,6,2024-09-03,C
960,193,2,2023-08-31,C
961,193,6,2023-05-05,A
962,193,14,2024-12-31,B
963,193,11,2024-01-03,A
964,193,7,2023-05-03,B
965,193,5,2024-12-25,B
966,194,10,2026-01-09,
967,194,2,2025-09-17,B
968,194,12,2026-01-16,B
969,194,1,2025-09-13,
970,194,15,2026-01-14,
971,194,13,2025-09-14,F
972,195,6,2025-01-06,
973,195,12,2024-05-10,A
974,195,5,2024-05-13,D
975,195,11,2024-12-29,
976,196,10,2024-12-24,C
977,196,6,2024-08-26,B
978,196,5,2025-08-29,C
979,196,9,2025-08-17,
980,197,1,2024-05-13,B
981,197,12,2024-01-13,B
982,197,6,2024-01-10,C
983,197,4,2024-09-16,B
984,197,5,2024-01-16,B
985,197,7,2025-05-14,B
986,198,13,2024-05-08,C
987,198,6,2024-05-01,C
988,198,10,2024-01-06,A
989,198,3,2023-09-04,B
990,198,5,2024-01-01,C
991,198,4,2023-01-09,B
992,199,3,2025-04-18,A
993,199,13,2024-08-19,C
994,199,4,2025-04-26,B
995,199,11,2024-12-24,B
996,199,6,2023-08-23,B
997,200,2,2022-09-09,C
998,200,5,2023-05-09,D
999,200,10,2023-12-31,D
1000,200,14,2023-05-10,B
1001,200,4,2023-09-02,B
1002,200,12,2024-12-23,B
1003,201,9,2024-09-07,C
1004,201,12,2025-05-10,A
1005,201,15,2024-09-08,C
1006,201,2,2025-05-07,C
1007,202,2,2026-01-17,
1008,202,8,2026-01-06,B
1009,202,14,2026-01-18,
1010,202,11,2025-09-21,D
1011,202,9,2025-09-10,
1012,203,9,2023-12-29,B
1013,203,15,2023-09-01,C
1014,203,14,2025-04-19,A
1015,203,8,2024-08-20,A
1016,204,8,2023-09-02,B
1017,204,13,2024-04-21,B
1018,204,7,2025-04-22,
1019,204,4,2025-04-16,B
1020,205,2,2026-01-18,
1021,205,8,2025-09-13,C
1022,205,9,2026-01-07,A
1023,205,15,2026-01-07,
1024,205,5,2025-09-12,B
1025,205,6,2025-09-08,
1026,206,3,2025-12-24,B
1027,206,2,2025-08-26,
1028,206,9,2025-08-23,C
1029,206,13,2025-12-23,
1030,206,10,2025-08-15,
1031,206,6,2025-12-15,
1032,207,7,2025-05-14,
1033,207,14,2025-08-31,
1034,207,12,2024-09-09,B
1035,207,9,2025-08-29,A
1036,207,13,2025-05-13,A
1037,208,2,2025-01-18,F
1038,208,5,2025-01-21,C
1039,208,1,2025-01-12,C
1040,208,3,2024-09-10,B
1041,209,2,2025-09-14,
1042,209,13,2025-09-07,C
1043,209,1,2025-09-18,
1044,209,10,2026-01-15,
1045,210,15,2026-01-25,
1046,210,3,2025-09-17,
1047,210,10,2025-09-17,D
1048,210,1,2026-01-19,
1049,210,12,2026-01-15,B
1050,210,5,2026-01-21,A
1051,211,2,2026-01-14,A
1052,211,3,2025-09-19,
1053,211,7,2026-01-20,C
1054,211,14,2026-01-21,C
1055,211,11,2026-01-24,B
1056,211,1,2026-01-19,B
1057,212,14,2024-09-15,D
1058,212,4,2024-01-06,A
1059,212,5,2024-05-08,C
1060,212,15,2024-01-14,B
1061,212,10,2024-09-02,A
1062,213,14,2026-01-12,B
1063,213,7,2026-01-13,C
1064,213,11,2026-01-19,B
1065,213,8,2025-09-21,
1066,214,15,2026-01-19,B
1067,214,8,2026-01-11,A
1068,214,3,2026-01-17,
1069,214,5,2026-01-15,
1070,214,6,2025-09-13,
1071,214,10,2026-01-14,
1072,215,12,2025-05-09,C
1073,215,2,2024-05-08,C
1074,215,14,2023-09-24,B
1075,215,15,2024-01-15,D
1076,215,10,2025-01-07,
1077,216,13,2024-09-03,C
1078,216,5,2025-05-02,
1079,216,3,2024-09-08,B
1080,216,4,2025-01-06,B
1081,216,1,2024-12-26,A
1082,217,8,2025-05-12,C
1083,217,14,2025-01-11,C
1084,217,5,2025-05-11,B
1085,217,3,2024-09-12,B
1086,217,2,2025-09-03,D
1087,218,1,2024-09-17,
1088,218,12,2025-05-19,C
1089,218,2,2025-01-11,D
1090,218,6,2024-09-15,A
1091,218,4,2025-09-05,A
1092,218,11,2025-05-14,
1093,219,12,2025-09-03,
1094,219,8,2025-09-07,
1095,219,9,2025-09-12,A
1096,219,7,2026-01-11,
1097,220,10,2026-01-08,B
1098,220,2,2026-01-08,
1099,220,4,2026-01-16,C
1100,220,13,2026-01-10,
1101,220,5,2025-09-22,C
1102,221,1,2024-09-15,B
1103,221,6,2025-05-20,F
1104,221,10,2025-05-24,B
1105,221,5,2025-05-14,
1106,221,13,2024-09-17,
1107,222,4,2025-12-24,
1108,222,1,2025-12-20,C
1109,222,11,2025-08-31,B
1110,222,2,2025-12-27,B
1111,222,13,2025-12-16,
1112,222,14,2025-08-22,
1113,223,2,2025-09-01,B
1114,223,7,2025-09-01,
1115,223,14,2025-12-30,A
1116,223,3,2025-09-08,D
1117,223,12,2025-12-24,B
1118,223,9,2025-12-28,
1119,224,13,2025-12-31,B
1120,224,6,2026-01-02,C
1121,224,1,2025-12-29,
1122,224,3,2025-09-04,
1123,224,12,2026-01-01,F
1124,225,5,2023-01-24,D
1125,225,15,2022-09-16,A
1126,225,6,2022-09-22,D
1127,225,7,2024-01-19,B
1128,225,9,2024-09-06,D
1129,225,3,2024-01-13,D
1130,226,1,2024-12-15,F
1131,226,14,2023-04-21,D
1132,226,8,2023-04-21,C
1133,226,3,2023-12-24,C
1134,226,12,2023-04-23,B
1135,227,3,2025-04-22,A
1136,227,6,2024-04-21,C
1137,227,2,2024-05-01,C
1138,227,8,2024-05-02,F
1139,228,7,2024-01-07,D
1140,228,14,2025-05-05,A
1141,228,15,2024-05-10,C
1142,228,3,2024-01-14,A
1143,228,5,2024-01-09,D
1144,228,2,2024-01-09,B
1145,229,14,2025-09-01,B
1146,229,7,2024-12-31,A
1147,229,13,2025-01-02,C
1148,229,1,2024-09-01,C
1149,229,5,2025-05-05,A
1150,230,3,2024-01-09,D
1151,230,7,2024-09-08,C
1152,230,2,2024-01-03,B
1153,230,12,2023-01-09,C
1154,230,9,2023-01-16,B
1155,231,2,2025-12-24,C
1156,231,9,2025-09-03,B
1157,231,5,2026-01-02,C
1158,231,14,2025-08-25,D
1159,231,13,2025-09-02,
1160,231,1,2026-01-01,
1161,232,12,2025-09-01,
1162,232,3,2025-09-04,C
1163,232,14,2025-12-30,A
1164,232,11,2026-01-07,F
1165,232,1,2025-09-08,
1166,232,5,2026-01-01,B
1167,233,8,2025-12-24,C
1168,233,15,2025-12-25,B
1169,233,11,2025-08-22,
1170,233,1,2025-12-27,F
1171,234,2,2025-05-15,B
1172,234,4,2024-09-14,D
1173,234,1,2024-09-19,A
1174,234,11,2025-05-19,D
1175,235,14,2026-01-12,C
1176,235,9,2025-09-11,
1177,235,10,2025-09-09,
1178,235,7,2025-09-20,C
1179,235,3,2025-09-07,
1180,236,5,2024-08-27,B
1181,236,15,2025-04-20,D
1182,236,12,2025-08-22,
1183,236,3,2025-08-20,B
1184,236,13,2024-08-27,
1185,237,9,2023-09-02,A
1186,237,14,2025-05-01,
1187,237,11,2024-04-27,D
1188,237,13,2023-09-09,C
1189,237,5,2024-12-20,B
1190,238,3,2026-01-10,
1191,238,14,2026-01-14,
1192,238,10,2025-09-16,
1193,238,4,2026-01-08,
1194,238,13,2026-01-09,
1195,239,14,2024-08-27,
1196,239,1,2024-12-26,A
1197,239,2,2024-08-18,A
1198,239,3,2024-08-23,C
1199,239,4,2023-08-29,A
1200,240,12,2023-09-19,B
1201,240,8,2024-01-17,F
1202,240,11,2024-09-09,A
1203,240,5,2024-09-15,C
1204,240,14,2025-01-18,B
1205,240,3,2024-09-07,
1206,241,8,2024-09-10,A
1207,241,2,2024-01-06,C
1208,241,3,2024-01-06,C
1209,241,7,2024-09-05,B
1210,241,1,2023-09-15,B
1211,241,10,2023-09-08,D
1212,242,6,2025-12-22,C
1213,242,14,2025-12-17,B
1214,242,15,2025-12-17,B
1215,242,4,2025-08-29,C
1216,243,8,2023-08-20,C
1217,243,13,2023-08-21,B
1218,243,14,2022-08-31,B
1219,243,10,2022-09-04,C
1220,243,1,2024-08-24,A
1221,243,3,2024-12-09,B
1222,244,13,2026-01-08,
1223,244,6,2026-01-21,
1224,244,9,2026-01-19,
1225,244,1,2026-01-21,C
1226,244,10,2025-09-20,B
1227,244,2,2025-09-10,B
1228,245,1,2025-09-11,C
1229,245,15,2025-09-21,B
1230,245,10,2026-01-21,
1231,245,5,2026-01-22,
1232,245,13,2026-01-10,A
1233,246,9,2024-09-08,C
1234,246,6,2023-01-21,D
1235,246,14,2024-12-30,B
1236,246,3,2024-09-06,A
1237,247,1,2024-08-29,F
1238,247,4,2024-12-30,B
1239,247,2,2025-09-04,D
1240,247,5,2024-12-31,B
1241,247,12,2025-01-02,C
1242,247,8,2024-08-31,B
1243,248,5,2025-08-29,F
1244,248,4,2026-01-06,
1245,248,15,2025-08-30,A
1246,248,3,2025-08-30,
1247,248,10,2025-08-28,A
1248,249,8,2023-09-23,B
1249,249,5,2024-05-19,C
1250,249,13,2025-01-09,C
1251,249,4,2025-05-08,A
1252,249,12,2024-01-24,A
1253,250,2,2025-08-15,C
1254,250,3,2024-12-23,
1255,250,10,2025-04-22,B
1256,250,11,2024-08-19,
1257,250,9,2025-04-17,B
1258,251,7,2025-08-24,B
1259,251,12,2024-08-24,B
1260,251,8,2024-08-18,A
1261,251,11,2024-08-17,B
1262,251,10,2025-08-12,
1263,251,9,2025-04-18,A
1264,252,13,2025-05-12,
1265,252,8,2025-01-03,
1266,252,11,2025-05-11,B
1267,252,3,2025-01-07,A
1268,253,5,2026-01-16,B
1269,253,10,2026-01-14,
1270,253,14,2025-09-13,
1271,253,12,2025-09-14,B
1272,254,2,2023-09-11,B
1273,254,15,2023-09-09,A
1274,254,4,2024-01-19,B
1275,254,14,2024-05-16,B
1276,254,10,2023-09-18,C
1277,254,8,2025-05-08,A
1278,255,12,2025-12-30,D
1279,255,6,2025-08-27,
1280,255,9,2025-08-30,B
1281,255,4,2025-12-30,D
1282,255,7,2025-09-03,
1283,255,13,2025-08-24,
1284,256,7,2026-01-03,B
1285,256,9,2026-01-07,A
1286,256,6,2025-09-08,
1287,256,5,2026-01-14,
1288,256,2,2025-09-09,A
1289,256,10,2025-09-05,
1290,257,2,2024-09-06,C
1291,257,9,2023-09-13,
1292,257,6,2024-09-04,B
1293,257,1,2024-12-28,B
1294,257,3,2025-01-02,B
1295,258,3,2024-09-14,C
1296,258,14,2024-09-05,B
1297,258,13,2025-09-05,C
1298,258,5,2025-01-10,
1299,258,15,2025-01-11,
1300,259,11,2025-01-02,B
1301,259,1,2023-09-07,C
1302,259,9,2024-12-21,F
1303,259,3,2024-04-24,B
1304,260,8,2024-04-24,
1305,260,12,2023-12-15,C
1306,260,11,2024-04-12,C
1307,260,3,2024-04-24,A
1308,261,7,2024-09-15,A
1309,261,15,2025-05-10,A
1310,261,1,2025-05-08,
1311,261,9,2025-01-08,B
1312,262,14,2023-08-31,D
1313,262,1,2024-12-25,
1314,262,11,2024-01-03,C
1315,262,6,2023-09-08,A
1316,262,5,2025-05-02,
1317,263,4,2023-05-07,C
1318,263,14,2022-09-20,A
1319,263,15,2024-05-14,F
1320,263,12,2022-09-18,B
1321,264,9,2025-08-22,
1322,264,5,2024-12-17,C
1323,264,6,2025-04-20,D
1324,264,1,2024-12-30,C
1325,264,2,2024-08-31,B
1326,265,2,2025-05-15,C
1327,265,12,2025-05-10,
1328,265,7,2024-05-15,C
1329,265,5,2024-01-10,C
1330,266,14,2023-08-28,B
1331,266,8,2023-04-29,B
1332,266,7,2024-12-17,D
1333,266,6,2022-09-06,B
1334,266,15,2023-12-26,D
1335,267,2,2023-08-26,C
1336,267,7,2023-04-25,D
1337,267,13,2024-04-17,C
1338,267,12,2023-04-30,C
1339,268,14,2025-09-11,
1340,268,8,2026-01-11,
1341,268,13,2026-01-08,D
1342,268,5,2025-09-15,
1343,268,4,2025-09-12,
1344,269,8,2022-09-15,B
1345,269,12,2023-05-09,B
1346,269,14,2023-05-09,B
1347,269,9,2023-01-18,B
1348,270,6,2024-05-01,B
1349,270,12,2022-09-12,B
1350,270,2,2023-05-10,A
1351,270,15,2023-05-06,C
1352,270,11,2023-05-09,B
1353,271,11,2023-12-28,B
1354,271,5,2023-12-20,
1355,271,10,2024-12-15,B
1356,271,3,2024-04-16,D
1357,271,4,2025-04-09,B
1358,271,9,2024-08-15,
1359,272,10,2026-01-11,C
1360,272,11,2025-09-12,C
1361,272,1,2026-01-09,B
1362,272,4,2025-09-14,F
1363,272,15,2025-09-11,C
1364,272,8,2025-09-24,C
1365,273,13,2025-09-02,C
1366,273,4,2025-08-25,
1367,273,2,2025-12-21,B
1368,273,12,2025-08-27,C
1369,274,2,2023-08-25,B
1370,274,4,2025-04-13,C
1371,274,13,2024-08-16,
1372,274,14,2023-12-21,
1373,275,2,2024-12-13,B
1374,275,8,2023-08-24,C
1375,275,3,2024-12-17,F
1376,275,13,2024-08-10,B
1377,276,8,2026-01-13,
1378,276,2,2025-09-19,C
1379,276,9,2025-09-10,A
1380,276,4,2026-01-11,
1381,277,6,2023-09-10,A
1382,277,7,2023-09-03,B
1383,277,4,2023-01-14,A
1384,277,13,2025-01-06,B
1385,278,8,2024-09-06,B
1386,278,11,2025-08-20,
1387,278,2,2025-08-23,D
1388,278,1,2025-04-29,C
1389,278,7,2024-12-24,
1390,278,15,2025-05-01,B
1391,279,5,2025-08-27,
1392,279,12,2024-12-25,
1393,279,9,2025-05-01,
1394,279,8,2024-08-26,B
1395,280,1,2025-05-04,F
1396,280,6,2024-12-23,D
1397,280,15,2025-01-01,C
1398,280,2,2025-04-21,
1399,280,13,2025-01-02,B
1400,281,6,2024-09-08,F
1401,281,9,2025-05-07,D
1402,281,3,2024-09-01,C
1403,281,7,2025-01-04,B
1404,281,15,2025-05-07,
1405,282,7,2025-08-31,
1406,282,10,2025-12-27,
1407,282,3,2025-08-22,
1408,282,14,2025-12-29,
1409,283,8,2023-09-01,A
1410,283,9,2024-08-27,B
1411,283,3,2024-04-26,B
1412,283,13,2025-04-26,D
1413,283,6,2025-04-25,B
1414,283,4,2025-01-01,A
1415,284,4,2025-09-04,D
1416,284,1,2025-09-02,
1417,284,12,2025-09-01,C
1418,284,13,2025-08-24,
1419,284,6,2025-12-23,C
1420,284,5,2025-09-03,B
1421,285,7,2026-01-17,
1422,285,15,2026-01-19,D
1423,285,8,2026-01-22,
1424,285,5,2025-09-15,B
1425,285,6,2025-09-25,C
1426,286,7,2024-05-10,B
1427,286,3,2025-05-08,C
1428,286,9,2023-09-19,
1429,286,11,2024-05-19,A
1430,286,4,2025-05-13,
1431,287,15,2025-12-20,
1432,287,14,2025-08-25,
1433,287,12,2025-12-13,C
1434,287,11,2025-08-28,
1435,287,5,2025-08-28,B
1436,287,4,2025-12-23,
1437,288,11,2022-12-25,B
1438,288,2,2022-12-20,A
1439,288,9,2022-08-22,B
1440,288,4,2023-08-18,C
1441,288,15,2024-12-07,D
1442,288,7,2023-08-17,A
1443,289,11,2025-08-23,A
1444,289,2,2025-09-02,
1445,289,1,2025-09-03,A
1446,289,12,2025-12-25,
1447,290,9,2025-05-05,D
1448,290,5,2024-05-05,C
1449,290,1,2024-01-11,F
1450,290,15,2024-05-05,D
1451,291,6,2025-09-02,
1452,291,8,2025-08-31,A
1453,291,12,2025-12-25,
1454,291,14,2026-01-03,
1455,292,13,2023-08-29,B
1456,292,11,2023-12-18,C
1457,292,2,2024-12-14,F
1458,292,9,2024-08-25,C
1459,292,3,2023-12-24,B
1460,293,4,2025-04-23,B
1461,293,14,2024-09-03,
1462,293,12,2024-05-03,C
1463,293,6,2024-12-24,C
1464,294,2,2025-04-25,B
1465,294,3,2024-12-27,
1466,294,11,2024-04-24,B
1467,294,8,2023-12-29,B
1468,294,9,2023-12-26,D
1469,294,4,2024-12-27,F
1470,295,5,2024-08-17,B
1471,295,11,2023-12-25,C
1472,295,10,2025-04-23,A
1473,295,14,2025-04-12,C
1474,295,13,2025-04-24,C
1475,295,6,2025-04-13,C
1476,296,2,2024-09-03,C
1477,296,9,2025-01-01,B
1478,296,7,2022-09-15,C
1479,296,15,2024-04-24,A
1480,296,5,2024-05-03,C
1481,296,4,2022-09-10,D
1482,297,3,2024-08-21,B
1483,297,9,2024-12-08,A
1484,297,2,2024-08-13,A
1485,297,15,2025-04-10,B
1486,297,5,2025-04-10,
1487,297,13,2024-08-23,
1488,298,9,2025-12-15,
1489,298,12,2025-12-14,D
1490,298,1,2025-08-16,A
1491,298,4,2025-12-20,
1492,299,1,2026-01-13,
1493,299,6,2025-09-15,
1494,299,9,2025-09-13,
1495,299,14,2026-01-08,
1496,299,8,2026-01-09,
1497,299,12,2026-01-08,C
1498,300,10,2025-04-26,B
1499,300,2,2025-08-27,B
1500,300,4,2025-08-28,A
1501,300,11,2024-12-29,
1502,301,8,2023-09-11,B
1503,301,9,2024-05-16,A
1504,301,13,2024-01-14,C
1505,301,4,2023-09-19,C
1506,302,7,2024-08-22,
1507,302,6,2025-04-24,
1508,302,3,2025-08-29,
1509,302,5,2024-09-01,D
1510,303,2,2024-09-01,
1511,303,4,2025-08-28,
1512,303,14,2025-01-03,C
1513,303,5,2024-09-01,C
1514,303,8,2024-08-31,C
1515,304,1,2026-01-13,A
1516,304,6,2025-09-25,
1517,304,11,2025-09-19,B
1518,304,13,2025-09-17,C
1519,305,11,2024-09-15,
1520,305,10,2025-01-24,
1521,305,15,2025-01-12,B
1522,305,3,2024-09-20,B
1523,305,6,2025-09-13,D
1524,305,12,2025-09-11,B
1525,306,6,2024-09-01,A
1526,306,13,2023-09-03,D
1527,306,8,2023-01-15,C
1528,306,9,2023-01-05,B
1529,306,10,2023-05-17,D
1530,307,6,2026-01-02,A
1531,307,12,2025-09-01,
1532,307,8,2026-01-11,B
1533,307,3,2026-01-07,C
1534,308,2,2024-12-07,F
1535,308,13,2024-08-20,
1536,308,3,2023-12-25,
1537,308,8,2023-12-19,B
1538,308,4,2024-12-14,A
1539,309,15,2025-04-29,B
1540,309,2,2024-08-30,
1541,309,14,2024-09-01,
1542,309,12,2025-05-02,A
1543,310,2,2025-08-23,F
1544,310,13,2025-08-22,A
1545,310,6,2025-12-14,B
1546,310,8,2025-08-20,
1547,311,11,2024-01-02,F
1548,311,15,2024-08-24,A
1549,311,4,2024-12-30,C
1550,311,14,2023-05-04,B
1551,311,13,2022-09-10,C
1552,312,15,2023-12-15,C
1553,312,6,2022-12-31,B
1554,312,12,2023-04-27,B
1555,312,5,2023-08-16,C
1556,312,3,2024-12-10,C
1557,312,11,2023-04-26,C
1558,313,13,2024-12-26,A
1559,313,14,2024-05-04,C
1560,313,12,2023-09-11,B
1561,313,11,2025-01-05,B
1562,313,8,2024-12-31,B
1563,313,7,2023-09-04,F
1564,314,4,2025-09-14,
1565,314,5,2025-09-19,C
1566,314,11,2025-09-08,A
1567,314,14,2025-05-19,B
1568,314,12,2025-01-13,B
1569,315,3,2024-08-18,C
1570,315,1,2024-04-25,B
1571,315,12,2024-12-29,
1572,315,4,2024-01-03,D
1573,316,5,2023-01-10,B
1574,316,6,2022-09-12,C
1575,316,14,2024-08-31,C
1576,316,7,2024-01-15,A
1577,317,11,2024-09-12,D
1578,317,9,2025-09-11,B
1579,317,6,2025-05-09,
1580,317,10,2025-01-09,
1581,317,4,2025-01-20,B
1582,317,13,2024-09-20,B
1583,318,11,2024-01-04,A
1584,318,5,2024-12-30,C
1585,318,6,2024-12-19,A
1586,318,7,2024-08-28,
1587,318,14,2025-04-25,C
1588,319,1,2025-08-31,
1589,319,8,2025-09-08,
1590,319,4,2026-01-03,
1591,319,9,2025-08-29,
1592,320,3,2022-09-02,A
1593,320,9,2024-12-29,B
1594,320,13,2022-12-31,B
1595,320,5,2024-08-24,B
1596,321,2,2024-08-25,C
1597,321,13,2024-12-27,C
1598,321,1,2024-08-19,B
1599,321,10,2025-08-26,B
1600,322,11,2025-09-10,
1601,322,6,2025-09-07,C
1602,322,9,2025-09-09,B
1603,322,4,2026-01-13,F
1604,322,2,2026-01-12,
1605,322,10,2026-01-05,C
1606,323,2,2026-01-09,
1607,323,12,2026-01-21,B
1608,323,8,2026-01-21,C
1609,323,11,2026-01-08,
1610,323,3,2025-09-20,B
1611,324,15,2024-12-14,F
1612,324,8,2024-12-11,A
1613,324,3,2022-12-28,C
1614,324,9,2023-08-28,B
1615,324,14,2024-12-13,A
1616,325,12,2024-01-10,C
1617,325,4,2025-05-10,B
1618,325,3,2024-01-13,B
1619,325,9,2024-09-06,A
1620,326,10,2023-12-23,C
1621,326,13,2024-05-03,C
1622,326,3,2025-04-29,D
1623,326,4,2024-04-26,C
1624,326,14,2024-08-25,
1625,326,1,2024-08-25,
1626,327,3,2025-08-31,C
1627,327,8,2025-05-03,B
1628,327,6,2025-01-11,C
1629,327,13,2025-05-14,
1630,327,11,2025-01-04,B
1631,328,13,2025-09-12,
1632,328,11,2025-09-05,
1633,328,12,2025-09-14,
1634,328,14,2025-09-16,A
1635,328,6,2025-09-15,C
1636,328,2,2025-09-15,A
1637,329,9,2025-09-15,C
1638,329,6,2026-01-22,
1639,329,13,2026-01-12,D
1640,329,14,2026-01-20,
1641,329,11,2026-01-22,C
1642,330,13,2025-12-29,C
1643,330,4,2025-08-29,B
1644,330,12,2025-12-31,C
1645,330,15,2025-08-28,A
1646,330,8,2025-08-27,
1647,331,8,2023-09-06,D
1648,331,15,2024-01-12,B
1649,331,9,2025-04-28,B
1650,331,12,2023-09-13,A
1651,332,8,2025-08-23,
1652,332,1,2025-08-26,
1653,332,11,2025-12-27,C
1654,332,9,2025-12-24,
1655,332,10,2025-12-21,
1656,333,9,2025-01-08,
1657,333,7,2024-09-13,C
1658,333,8,2025-09-12,B
1659,333,11,2025-09-08,
1660,333,4,2025-01-12,A
1661,333,13,2025-05-06,A
1662,334,1,2026-01-01,A
1663,334,11,2026-01-07,A
1664,334,14,2025-12-29,
1665,334,8,2026-01-06,F
1666,334,5,2025-12-26,B
1667,334,15,2025-09-07,A
1668,335,12,2024-01-02,C
1669,335,10,2023-09-05,B
1670,335,1,2023-09-03,C
1671,335,2,2023-05-14,A
1672,335,8,2022-09-18,C
1673,336,1,2026-01-10,
1674,336,12,2025-09-20,C
1675,336,3,2026-01-23,A
1676,336,4,2026-01-22,B
1677,336,11,2025-09-21,A
1678,337,7,2025-09-16,B
1679,337,12,2025-09-16,C
1680,337,14,2025-09-24,
1681,337,10,2026-01-12,
1682,337,4,2026-01-13,B
1683,338,10,2025-05-13,A
1684,338,15,2025-01-07,A
1685,338,14,2024-09-12,
1686,338,5,2025-09-07,
1687,338,8,2025-01-08,
1688,339,12,2023-08-31,B
1689,339,5,2023-12-25,B
1690,339,13,2024-08-30,B
1691,339,11,2023-09-05,B
1692,339,2,2025-04-22,B
1693,339,6,2024-01-03,A
1694,340,5,2023-09-12,D
1695,340,11,2022-09-08,B
1696,340,12,2023-09-10,B
1697,340,4,2024-09-01,A
1698,341,12,2023-12-29,D
1699,341,4,2024-12-21,D
1700,341,6,2025-01-02,C
1701,341,15,2022-12-31,B
1702,341,7,2024-09-02,B
1703,342,4,2025-08-29,
1704,342,13,2025-12-29,A
1705,342,1,2026-01-01,
1706,342,12,2025-08-27,D
1707,343,12,2024-08-12,A
1708,343,9,2025-04-11,C
1709,343,3,2023-08-20,D
1710,343,4,2025-04-10,A
1711,343,10,2023-08-15,C
1712,344,9,2025-05-01,
1713,344,11,2023-08-27,B
1714,344,10,2024-08-26,
1715,344,3,2024-08-26,B
1716,344,5,2024-05-05,C
1717,345,15,2024-12-23,
1718,345,11,2024-08-26,C
1719,345,2,2025-08-22,A
1720,345,1,2025-08-16,D
1721,345,8,2024-08-28,B
1722,345,6,2025-01-01,D
1723,346,13,2022-12-14,B
1724,346,1,2024-08-18,B
1725,346,12,2022-12-21,B
1726,346,3,2024-08-05,B
1727,347,3,2025-09-07,D
1728,347,15,2026-01-13,
1729,347,10,2025-09-14,
1730,347,14,2025-09-06,
1731,347,13,2025-09-07,
1732,347,4,2026-01-15,C
1733,348,12,2025-05-16,B
1734,348,6,2024-09-08,C
1735,348,9,2024-01-21,B
1736,348,13,2024-05-13,B
1737,349,13,2023-09-05,F
1738,349,3,2025-01-01,C
1739,349,5,2024-05-09,B
1740,349,14,2023-05-09,D
1741,350,9,2023-01-01,D
1742,350,6,2023-08-29,A
1743,350,10,2024-08-19,C
1744,350,13,2023-12-22,A
1745,351,12,2024-08-22,D
1746,351,13,2023-08-25,B
1747,351,10,2024-12-17,B
1748,351,9,2025-04-11,B
1749,351,11,2023-12-20,B
1750,352,8,2025-08-29,D
1751,352,7,2025-01-11,C
1752,352,6,2025-01-01,B
1753,352,11,2024-09-09,A
1754,353,7,2025-01-08,A
1755,353,13,2025-04-28,C
1756,353,15,2025-01-08,D
1757,353,14,2025-05-04,D
1758,353,3,2025-04-27,B
1759,353,2,2024-09-06,
1760,354,12,2024-09-16,
1761,354,6,2025-09-05,F
1762,354,14,2025-01-09,
1763,354,8,2024-09-21,
1764,355,8,2024-12-30,B
1765,355,12,2025-08-30,D
1766,355,13,2024-12-29,
1767,355,4,2024-12-23,
1768,355,7,2024-12-26,B
1769,355,15,2025-08-29,
1770,356,1,2025-09-14,
1771,356,15,2025-09-12,C
1772,356,12,2025-09-16,B
1773,356,13,2026-01-05,B
1774,357,2,2022-09-13,C
1775,357,14,2022-09-06,D
1776,357,13,2023-01-12,B
1777,357,4,2023-05-14,C
1778,357,7,2024-01-05,C
1779,357,12,2023-01-08,A
1780,358,13,2023-08-24,D
1781,358,14,2023-05-03,B
1782,358,8,2023-12-27,C
1783,358,12,2023-04-21,B
1784,358,7,2022-09-06,D
1785,359,5,2025-09-12,B
1786,359,4,2025-09-13,
1787,359,14,2025-09-21,B
1788,359,10,2025-09-18,
1789,359,2,2025-09-24,
1790,359,7,2026-01-20,F
1791,360,6,2025-12-31,B
1792,360,8,2026-01-07,B
1793,360,4,2026-01-05,C
1794,360,7,2025-09-02,
1795,360,10,2026-01-09,A
1796,361,14,2025-12-31,C
1797,361,8,2025-09-05,
1798,361,15,2025-09-07,C
1799,361,2,2025-09-09,
1800,361,9,2026-01-12,C
1801,362,1,2023-08-23,B
1802,362,9,2024-08-14,B
1803,362,8,2023-12-14,B
1804,362,2,2023-04-21,B
1805,363,8,2025-01-10,D
1806,363,15,2025-09-11,
1807,363,9,2025-01-20,C
1808,363,12,2025-01-14,D
1809,363,6,2025-05-14,
1810,364,9,2026-01-05,
1811,364,11,2025-08-29,B
1812,364,12,2025-08-29,
1813,364,1,2025-12-27,C
1814,364,3,2025-09-09,A
1815,365,2,2024-09-08,A
1816,365,9,2024-05-17,A
1817,365,12,2023-09-12,C
1818,365,10,2025-05-10,B
1819,365,13,2025-01-10,F
1820,365,7,2024-09-10,F
1821,366,14,2022-08-30,D
1822,366,5,2022-12-21,C
1823,366,3,2023-08-18,C
1824,366,8,2024-08-17,B
1825,366,11,2024-04-24,A
1826,367,6,2022-09-11,B
1827,367,15,2024-12-22,B
1828,367,14,2023-01-15,B
1829,367,9,2023-01-07,B
1830,367,4,2024-04-26,C
1831,367,8,2023-01-02,C
1832,368,5,2025-01-07,
1833,368,9,2023-09-12,B
1834,368,8,2024-05-01,
1835,368,4,2024-09-09,B
1836,368,7,2024-01-03,
1837,369,1,2025-05-01,A
1838,369,8,2025-01-07,D
1839,369,9,2025-08-26,C
1840,369,6,2024-08-31,B
1841,369,4,2025-08-31,B
1842,369,5,2025-05-01,B
1843,370,2,2023-12-21,D
1844,370,1,2024-08-16,C
1845,370,12,2023-12-26,A
1846,370,10,2024-08-15,
1847,370,11,2024-08-13,C
1848,370,8,2025-04-15,A
1849,371,10,2024-12-24,C
1850,371,7,2025-08-26,
1851,371,13,2025-04-26,C
1852,371,12,2025-08-17,B
1853,371,5,2024-08-28,B
1854,371,3,2024-08-22,A
1855,372,8,2025-04-16,A
1856,372,10,2024-12-21,
1857,372,4,2023-12-23,C
1858,372,3,2023-08-30,C
1859,372,12,2023-08-23,D
1860,372,13,2023-12-21,B
1861,373,12,2026-01-02,
1862,373,1,2025-12-31,B
1863,373,10,2025-12-30,F
1864,373,6,2026-01-01,
1865,373,11,2025-12-26,
1866,374,15,2024-09-10,A
1867,374,10,2025-01-10,B
1868,374,12,2024-09-13,B
1869,374,5,2024-09-09,A
1870,374,1,2024-09-18,
1871,374,2,2025-05-18,B
1872,375,8,2023-08-26,C
1873,375,2,2023-04-28,B
1874,375,13,2023-04-27,C
1875,375,12,2023-12-21,C
1876,376,1,2023-05-03,C
1877,376,14,2022-09-08,A
1878,376,2,2022-09-06,D
1879,376,3,2022-09-07,C
1880,376,5,2024-12-23,B
1881,377,3,2025-04-17,C
1882,377,12,2025-08-28,B
1883,377,1,2025-08-28,
1884,377,14,2024-12-28,D
1885,377,15,2024-08-27,B
1886,377,5,2024-08-22,C
1887,378,1,2025-01-05,C
1888,378,2,2025-09-06,
1889,378,3,2025-09-05,A
1890,378,5,2025-05-08,C
1891,378,13,2025-09-01,B
1892,378,8,2025-01-13,
1893,379,11,2024-09-05,C
1894,379,2,2025-08-26,B
1895,379,14,2024-09-06,
1896,379,8,2025-05-05,C
1897,379,5,2025-05-01,D
1898,379,7,2025-09-01,
1899,380,13,2023-05-06,B
1900,380,8,2024-05-05,B
1901,380,12,2024-12-23,B
1902,380,15,2024-12-29,B
1903,380,4,2024-08-25,D
1904,380,2,2023-05-03,D
1905,381,9,2023-09-08,A
1906,381,6,2023-05-05,A
1907,381,2,2023-09-08,C
1908,381,3,2023-05-04,F
1909,381,4,2024-05-08,A
1910,382,2,2024-09-02,B
1911,382,6,2025-05-08,C
1912,382,5,2024-01-14,B
1913,382,15,2025-05-04,D
1914,382,4,2024-05-09,B
1915,382,14,2024-05-08,C
1916,383,12,2024-08-25,A
1917,383,15,2024-01-01,A
1918,383,6,2024-09-05,B
1919,383,13,2024-05-04,A
1920,383,7,2023-09-01,
1921,383,4,2024-01-08,
1922,384,15,2025-12-16,
1923,384,3,2025-12-20,
1924,384,1,2025-08-25,C
1925,384,13,2025-08-28,C
1926,384,10,2025-08-26,
1927,385,2,2023-12-27,D
1928,385,6,2022-12-24,C
1929,385,4,2023-04-25,C
1930,385,12,2022-09-04,B
1931,385,14,2022-08-31,C
1932,385,11,2022-09-04,C
1933,386,1,2023-08-18,D
1934,386,11,2023-08-22,C
1935,386,8,2022-12-20,A
1936,386,13,2024-12-15,A
1937,386,3,2024-12-18,D
1938,386,9,2022-08-22,F
1939,387,8,2025-09-01,B
1940,387,12,2025-12-31,
1941,387,10,2025-12-31,B
1942,387,5,2025-09-05,C
1943,387,4,2025-12-31,
1944,387,1,2025-08-26,D
1945,388,7,2025-09-13,F
1946,388,15,2025-05-12,A
1947,388,11,2025-09-11,B
1948,388,8,2024-09-08,
1949,389,11,2023-08-21,C
1950,389,1,2024-04-17,B
1951,389,3,2023-12-16,B
1952,389,14,2023-08-20,C
1953,389,5,2024-08-20,C
1954,389,12,2024-12-12,C
1955,390,8,2022-08-25,B
1956,390,5,2023-12-15,D
1957,390,6,2023-04-23,C
1958,390,9,2023-12-16,A
1959,390,2,2022-08-23,B
1960,391,9,2024-12-19,A
1961,391,8,2023-08-22,B
1962,391,15,2022-09-02,C
1963,391,1,2023-08-20,C
1964,392,11,2024-05-12,A
1965,392,10,2024-05-14,D
1966,392,1,2023-05-16,B
1967,392,6,2023-01-18,F
1968,392,15,2023-05-20,B
1969,393,1,2026-01-18,B
1970,393,8,2026-01-17,
1971,393,15,2025-09-24,A
1972,393,12,2025-09-15,B
1973,394,4,2024-12-29,A
1974,394,13,2024-01-09,B
1975,394,1,2024-05-06,C
1976,394,14,2025-05-03,B
1977,394,12,2023-09-11,A
1978,394,10,2024-08-27,B
1979,395,9,2025-12-25,B
1980,395,13,2026-01-02,A
1981,395,11,2025-12-27,
1982,395,6,2025-08-29,
1983,395,5,2026-01-02,
1984,396,1,2025-04-26,C
1985,396,13,2025-04-29,B
1986,396,12,2025-04-27,
1987,396,10,2024-05-04,D
1988,396,5,2024-08-30,C
1989,397,10,2025-09-16,C
1990,397,12,2025-05-11,B
1991,397,9,2025-01-12,A
1992,397,13,2025-01-18,B
1993,398,12,2025-09-02,B
1994,398,10,2025-05-08,D
1995,398,3,2025-08-31,
1996,398,13,2025-05-05,A
1997,398,11,2025-09-08,C
1998,399,5,2024-09-02,
1999,399,3,2023-09-01,A
2000,399,2,2024-09-03,C
2001,399,11,2023-09-12,B
2002,399,1,2024-01-02,B
2003,399,12,2024-12-29,D
2004,400,2,2024-09-16,C
2005,400,12,2024-01-16,A
2006,400,6,2024-05-09,B
2007,400,13,2025-01-13,D
2008,400,4,2025-01-15,B
2009,400,5,2025-01-14,B
2010,401,14,2024-08-10,B
2011,401,12,2023-04-29,C
2012,401,1,2022-08-30,B
2013,401,13,2024-12-11,A
2014,401,5,2022-12-20,B
2015,402,14,2026-01-09,
2016,402,15,2026-01-07,
2017,402,4,2026-01-09,C
2018,402,1,2026-01-11,C
2019,402,11,2025-09-17,
2020,402,12,2026-01-03,D
2021,403,13,2025-05-01,A
2022,403,7,2025-01-03,B
2023,403,1,2025-05-13,
2024,403,9,2025-09-08,C
2025,404,12,2026-01-12,
2026,404,2,2025-09-16,
2027,404,14,2026-01-13,
2028,404,4,2025-09-09,F
2029,404,10,2026-01-08,C
2030,404,3,2025-09-15,F
2031,405,14,2025-09-14,
2032,405,2,2026-01-24,
2033,405,7,2025-09-17,
2034,405,11,2026-01-16,
2035,405,15,2025-09-20,
2036,406,9,2023-08-11,A
2037,406,2,2022-08-20,A
2038,406,14,2022-08-28,D
2039,406,3,2023-04-18,A
2040,407,3,2024-01-04,
2041,407,13,2024-09-02,C
2042,407,9,2024-01-03,B
2043,407,11,2023-09-02,F
2044,408,12,2025-08-30,A
2045,408,14,2025-08-30,B
2046,408,4,2025-12-29,
2047,408,13,2025-08-31,
2048,409,3,2024-12-30,
2049,409,15,2024-09-11,C
2050,409,6,2025-01-03,C
2051,409,14,2025-01-07,B
2052,409,5,2025-01-09,
2053,410,1,2025-04-27,
2054,410,10,2025-01-06,A
2055,410,13,2023-09-08,B
2056,410,9,2025-05-07,B
2057,410,6,2024-01-04,
2058,410,8,2023-09-14,A
2059,411,11,2025-12-24,B
2060,411,14,2025-12-26,
2061,411,10,2025-09-05,A
2062,411,3,2025-09-03,
2063,411,8,2025-08-29,D
2064,412,11,2025-09-05,C
2065,412,15,2025-09-11,B
2066,412,2,2026-01-09,B
2067,412,9,2026-01-11,
2068,412,7,2026-01-09,
2069,412,6,2025-09-09,C
2070,413,6,2025-09-17,
2071,413,1,2026-01-07,B
2072,413,10,2026-01-13,A
2073,413,14,2025-09-16,
2074,414,4,2024-09-11,A
2075,414,15,2024-12-28,B
2076,414,10,2025-01-01,C
2077,414,3,2023-09-16,D
2078,414,8,2024-01-06,C
2079,415,15,2025-09-09,
2080,415,6,2026-01-08,
2081,415,2,2026-01-08,
2082,415,3,2025-09-06,
2083,416,13,2024-05-19,A
2084,416,7,2023-09-19,B
2085,416,10,2024-09-18,B
2086,416,15,2024-01-17,A
2087,417,4,2022-09-22,C
2088,417,15,2025-01-08,B
2089,417,14,2025-01-03,B
2090,417,3,2024-05-06,B
2091,418,5,2025-04-19,C
2092,418,13,2024-12-23,C
2093,418,6,2025-04-12,
2094,418,3,2024-04-16,B
2095,418,7,2023-08-25,B
2096,419,8,2025-08-30,B
2097,419,15,2025-12-26,
2098,419,13,2025-12-26,
2099,419,5,2025-09-01,A
2100,419,4,2025-12-21,A
2101,419,9,2025-08-27,A
2102,420,6,2022-12-23,B
2103,420,7,2022-08-17,B
2104,420,15,2022-12-24,B
2105,420,9,2024-08-15,C
2106,420,5,2022-08-17,A
2107,420,2,2023-12-11,A
2108,421,2,2023-09-13,D
2109,421,1,2024-01-06,B
2110,421,4,2024-05-09,C
2111,421,3,2023-09-11,A
2112,421,11,2024-04-27,C
2113,422,10,2025-05-12,A
2114,422,2,2025-05-06,D
2115,422,5,2024-05-17,C
2116,422,6,2023-09-08,A
2117,422,8,2025-01-02,F
2118,423,1,2023-09-18,D
2119,423,14,2024-09-11,D
2120,423,4,2024-01-18,B
2121,423,8,2023-01-16,C
2122,423,10,2024-09-09,B
2123,424,10,2023-12-24,C
2124,424,9,2024-04-22,A
2125,424,8,2025-04-20,B
2126,424,5,2023-09-03,A
2127,424,14,2024-08-16,D
2128,425,12,2026-01-19,
2129,425,14,2025-09-26,
2130,425,15,2025-09-20,C
2131,425,3,2025-09-22,F
2132,425,7,2026-01-23,
2133,425,2,2026-01-24,
2134,426,4,2025-01-13,A
2135,426,1,2025-05-06,
2136,426,13,2024-09-18,D
2137,426,9,2025-01-12,B
2138,426,11,2024-05-17,C
2139,427,11,2024-05-11,B
2140,427,9,2024-05-05,B
2141,427,8,2024-09-01,B
2142,427,7,2024-01-04,C
2143,427,1,2025-01-05,D
2144,428,11,2025-04-18,D
2145,428,6,2024-12-29,C
2146,428,5,2024-09-02,B
2147,428,1,2025-08-28,C
2148,428,13,2025-08-16,D
2149,428,3,2024-12-20,A
2150,429,15,2025-09-16,
2151,429,5,2025-09-09,B
2152,429,13,2025-09-03,B
2153,429,2,2025-09-06,F
2154,429,1,2025-09-07,B
2155,429,11,2026-01-03,
2156,430,12,2025-01-15,B
2157,430,14,2025-01-21,B
2158,430,13,2025-05-18,A
2159,430,8,2025-09-18,A
2160,430,11,2025-05-15,
2161,431,13,2023-08-26,A
2162,431,14,2023-12-23,B
2163,431,1,2024-08-22,B
2164,431,3,2024-08-09,D
2165,431,5,2024-12-19,A
2166,431,11,2023-08-15,A
2167,432,15,2023-08-21,B
2168,432,1,2022-08-29,D
2169,432,8,2022-12-22,C
2170,432,3,2024-08-21,C
2171,433,11,2025-01-02,A
2172,433,7,2025-09-02,C
2173,433,10,2024-09-07,A
2174,433,3,2025-01-06,A
2175,433,9,2024-08-30,C
2176,434,4,2024-09-02,C
2177,434,8,2025-04-26,B
2178,434,9,2024-12-27,B
2179,434,1,2024-12-28,B
2180,434,11,2025-04-25,C
2181,435,7,2023-12-25,D
2182,435,11,2023-04-29,D
2183,435,13,2023-12-28,C
2184,435,8,2023-08-29,B
2185,435,4,2022-08-28,B
2186,435,5,2023-12-24,C
2187,436,15,2025-09-03,B
2188,436,10,2025-09-15,C
2189,436,2,2026-01-01,C
2190,436,11,2025-09-12,C
2191,437,5,2024-08-30,A
2192,437,12,2025-01-02,A
2193,437,14,2024-12-26,C
2194,437,1,2024-12-24,C
2195,437,15,2025-08-25,C
2196,437,8,2025-08-26,F
2197,438,7,2025-04-24,
2198,438,15,2025-08-26,C
2199,438,8,2025-08-15,B
2200,438,4,2024-08-29,
2201,438,14,2024-12-20,D
2202,439,12,2022-09-13,B
2203,439,2,2023-09-09,F
2204,439,15,2025-01-07,B
2205,439,13,2024-09-07,A
2206,439,11,2024-01-08,C
2207,439,9,2024-12-29,C
2208,440,15,2025-04-20,D
2209,440,9,2024-04-29,B
2210,440,13,2024-09-05,C
2211,440,3,2024-01-02,D
2212,440,6,2025-04-29,A
2213,440,12,2024-04-28,C
2214,441,15,2024-12-24,
2215,441,4,2024-12-31,B
2216,441,3,2025-05-02,C
2217,441,14,2025-01-01,D
2218,441,13,2024-08-29,
2219,442,2,2024-08-24,A
2220,442,10,2024-08-24,A
2221,442,12,2022-09-11,A
2222,442,14,2023-01-09,A
2223,443,2,2022-09-10,B
2224,443,6,2024-08-22,B
2225,443,9,2023-12-30,C
2226,443,15,2023-04-29,C
2227,444,1,2024-08-13,C
2228,444,2,2023-12-17,B
2229,444,4,2024-12-08,C
2230,444,13,2024-08-15,C
2231,445,3,2023-09-04,B
2232,445,7,2024-01-08,
2233,445,5,2024-04-30,A
2234,445,4,2025-04-30,B
2235,445,14,2024-01-12,A
2236,445,15,2024-01-11,C
2237,446,5,2025-01-13,B
2238,446,15,2025-01-18,
2239,446,6,2024-09-17,A
2240,446,3,2025-09-19,C
2241,446,4,2025-01-10,
2242,447,11,2024-05-01,C
2243,447,13,2025-04-25,D
2244,447,2,2025-04-22,
2245,447,4,2025-04-27,B
2246,447,14,2024-01-07,
2247,448,4,2023-01-09,C
2248,448,2,2023-05-03,A
2249,448,1,2023-09-01,B
2250,448,15,2022-12-31,B
2251,448,7,2023-12-31,A
2252,448,6,2023-05-06,D
2253,449,3,2025-09-13,
2254,449,13,2026-01-13,A
2255,449,6,2026-01-17,
2256,449,4,2025-09-13,
2257,450,4,2025-12-31,A
2258,450,1,2026-01-04,A
2259,450,15,2026-01-07,C
2260,450,14,2025-09-04,B
2261,450,3,2025-08-31,B
2262,450,10,2026-01-09,C
2263,451,2,2025-01-14,B
2264,451,12,2025-01-15,B
2265,451,14,2025-05-12,D
2266,451,10,2025-09-03,F
2267,452,1,2024-05-05,C
2268,452,12,2024-09-07,C
2269,452,5,2025-01-06,D
2270,452,6,2024-05-06,A
2271,453,13,2024-08-25,C
2272,453,9,2025-08-24,B
2273,453,4,2025-08-24,
2274,453,5,2024-12-28,B
2275,453,11,2025-08-23,D
2276,454,10,2023-01-11,C
2277,454,3,2023-01-07,B
2278,454,1,2022-09-16,B
2279,454,15,2024-01-07,C
2280,455,6,2025-08-16,B
2281,455,9,2025-12-17,
2282,455,14,2025-08-19,C
2283,455,8,2025-08-22,D
2284,456,2,2024-12-30,A
2285,456,13,2024-08-23,F
2286,456,7,2025-04-25,B
2287,456,15,2024-08-28,
2288,456,4,2024-12-24,B
2289,457,6,2025-05-07,A
2290,457,5,2024-09-08,
2291,457,15,2025-05-01,B
2292,457,8,2025-09-02,C
2293,457,4,2025-05-02,
2294,458,2,2023-08-28,A
2295,458,13,2024-12-21,A
2296,458,10,2023-05-11,C
2297,458,9,2023-01-03,A
2298,459,12,2025-01-02,C
2299,459,8,2025-05-08,C
2300,459,11,2024-08-30,C
2301,459,14,2025-04-27,C
2302,459,9,2024-01-12,C
2303,460,14,2024-08-28,
2304,460,6,2024-12-23,C
2305,460,9,2024-08-22,B
2306,460,12,2024-08-25,
2307,460,5,2024-12-18,C
2308,460,3,2025-04-26,B
2309,461,12,2025-04-19,A
2310,461,2,2025-08-14,
2311,461,3,2025-04-26,C
2312,461,13,2025-08-12,B
2313,461,9,2025-04-15,C
2314,461,5,2024-08-28,A
2315,462,9,2023-01-09,F
2316,462,15,2023-05-15,C
2317,462,6,2022-09-16,B
2318,462,1,2023-01-15,B
2319,462,5,2022-09-08,C
2320,463,7,2025-05-16,
2321,463,12,2024-09-20,C
2322,463,2,2023-09-24,F
2323,463,3,2024-01-15,
2324,463,11,2024-05-14,C
2325,463,14,2024-01-21,C
2326,464,15,2022-09-08,B
2327,464,2,2024-08-21,A
2328,464,11,2022-09-03,B
2329,464,1,2024-05-06,A
2330,464,10,2024-04-30,C
2331,464,6,2024-12-28,A
2332,465,4,2026-01-01,C
2333,465,5,2026-01-14,B
2334,465,13,2026-01-10,B
2335,465,1,2026-01-13,
2336,465,11,2025-09-11,B
2337,466,9,2025-05-23,A
2338,466,13,2025-01-17,C
2339,466,1,2025-01-20,B
2340,466,15,2025-05-17,
2341,466,12,2025-05-18,A
2342,467,15,2026-01-03,C
2343,467,1,2026-01-04,C
2344,467,13,2025-09-06,
2345,467,12,2025-09-12,
2346,468,2,2025-04-30,C
2347,468,9,2025-05-08,A
2348,468,3,2025-01-02,D
2349,468,12,2023-09-16,
2350,468,5,2025-01-04,C
2351,469,6,2025-08-30,F
2352,469,4,2025-08-22,A
2353,469,1,2026-01-01,C
2354,469,12,2025-08-26,B
2355,469,7,2025-12-26,
2356,469,3,2025-08-23,
2357,470,5,2024-01-04,A
2358,470,12,2025-04-17,D
2359,470,8,2024-12-16,B
2360,470,1,2023-09-03,C
2361,470,15,2023-12-22,D
2362,471,6,2024-12-24,
2363,471,2,2024-12-15,B
2364,471,11,2024-12-17,
2365,471,8,2024-04-28,
2366,472,1,2025-09-12,B
2367,472,2,2025-01-13,
2368,472,6,2025-05-11,B
2369,472,11,2025-09-13,D
2370,472,5,2025-01-04,
2371,472,7,2025-01-16,B
2372,473,8,2024-08-19,A
2373,473,14,2023-08-29,D
2374,473,2,2024-08-17,C
2375,473,4,2024-04-19,A
2376,473,13,2024-08-14,A
2377,473,7,2023-04-24,B
2378,474,12,2023-12-17,D
2379,474,15,2024-04-22,C
2380,474,6,2024-04-14,B
2381,474,4,2023-08-20,F
2382,475,10,2026-01-13,
2383,475,9,2025-09-16,A
2384,475,15,2026-01-09,
2385,475,12,2026-01-18,B
2386,475,13,2025-09-21,
2387,476,2,2026-01-06,
2388,476,7,2026-01-09,
2389,476,12,2026-01-05,C
2390,476,14,2026-01-08,C
2391,476,11,2025-09-03,A
2392,476,8,2025-09-12,B
2393,477,14,2025-08-23,B
2394,477,1,2025-12-27,
2395,477,11,2025-08-23,C
2396,477,6,2025-08-25,B
2397,477,8,2025-12-26,A
2398,477,5,2025-09-03,
2399,478,15,2025-01-07,C
2400,478,9,2025-01-11,B
2401,478,3,2024-09-12,
2402,478,14,2025-05-08,D
2403,479,13,2024-09-22,A
2404,479,14,2025-09-20,B
2405,479,2,2025-01-25,A
2406,479,3,2025-01-15,
2407,479,1,2025-05-17,C
2408,479,11,2025-05-12,
2409,480,6,2024-01-04,B
2410,480,11,2025-04-25,A
2411,480,7,2024-05-11,B
2412,480,5,2024-09-06,
2413,480,2,2025-04-28,A
2414,481,9,2025-05-07,C
2415,481,6,2025-01-05,C
2416,481,5,2025-09-03,B
2417,481,14,2025-08-31,C
2418,481,11,2025-09-05,A
2419,481,4,2025-09-09,
2420,482,8,2025-01-22,C
2421,482,7,2025-09-15,
2422,482,1,2025-01-23,
2423,482,11,2025-09-13,
2424,482,9,2025-01-14,
2425,482,2,2025-05-22,
2426,483,9,2025-12-24,
2427,483,13,2025-08-24,
2428,483,8,2025-12-21,A
2429,483,6,2025-12-27,
2430,484,1,2025-05-11,B
2431,484,15,2025-09-10,A
2432,484,12,2025-09-10,
2433,484,5,2025-09-09,D
2434,485,5,2025-09-06,
2435,485,11,2025-09-13,D
2436,485,15,2025-09-01,
2437,485,12,2025-09-05,D
2438,485,1,2026-01-01,F
2439,485,14,2026-01-06,
2440,486,2,2025-09-05,
2441,486,14,2025-09-08,
2442,486,13,2026-01-12,
2443,486,5,2025-09-05,D
2444,487,3,2024-08-25,C
2445,487,11,2025-08-11,D
2446,487,9,2024-12-15,B
2447,487,15,2024-12-18,
2448,487,5,2024-12-20,A
2449,488,3,2025-08-23,C
2450,488,11,2024-12-20,B
2451,488,13,2025-04-21,B
2452,488,5,2024-08-19,A
2453,488,12,2024-08-20,B
2454,488,15,2025-04-23,
2455,489,1,2025-12-26,
2456,489,4,2026-01-05,B
2457,489,12,2026-01-04,
2458,489,8,2025-08-29,
2459,490,3,2026-01-15,C
2460,490,4,2025-09-18,
2461,490,15,2025-09-15,
2462,490,13,2026-01-11,
2463,490,6,2025-09-07,C
2464,491,5,2025-08-17,A
2465,491,12,2024-08-23,B
2466,491,13,2024-12-24,
2467,491,11,2025-08-25,
2468,491,4,2025-04-22,
2469,492,11,2024-01-07,A
2470,492,9,2024-01-09,A
2471,492,5,2023-09-16,C
2472,492,13,2024-09-10,D
2473,492,15,2024-05-10,B
2474,493,3,2024-08-31,B
2475,493,10,2025-05-06,B
2476,493,4,2024-12-28,B
2477,493,5,2023-09-03,B
2478,494,12,2023-12-22,D
2479,494,10,2023-12-14,C
2480,494,1,2023-12-18,B
2481,494,14,2023-12-21,
2482,495,14,2024-12-16,B
2483,495,15,2024-08-21,
2484,495,9,2023-08-20,A
2485,495,5,2024-12-10,A
2486,495,3,2024-08-18,B
2487,496,6,2025-01-08,
2488,496,2,2025-05-12,
2489,496,9,2025-05-11,
2490,496,8,2025-05-15,
2491,496,15,2025-01-03,C
2492,497,11,2024-04-19,A
2493,497,12,2023-12-28,C
2494,497,9,2022-12-26,D
2495,497,1,2023-04-21,D
2496,497,8,2023-01-02,C
2497,497,4,2024-08-21,B
2498,498,5,2023-09-16,A
2499,498,4,2025-05-04,B
2500,498,12,2024-05-20,D
2501,498,15,2024-09-17,B
2502,498,7,2023-09-15,C
2503,498,2,2025-01-11,C
2504,499,10,2024-04-26,C
2505,499,13,2023-08-31,D
2506,499,9,2025-04-17,A
2507,499,12,2024-08-12,B
2508,500,5,2024-08-16,B
2509,500,6,2023-04-24,C
2510,500,11,2022-12-29,B
2511,500,1,2022-12-21,C
2512,500,13,2024-12-11,B
